ID,Name,Email,Age,Mode,Gender,DayToFinish
12312312312,ssss,sdada,20,DDA,Male,13
MasterSpeed of User:ssss
900.0,900.0,900.0,900.0,900.0,900.0,900.0,900.0,900.0,900.0,900.0,900.0,900.0,900.0,900.0,900.0,900.0,900.0,900.0,900.0,900.0,900.0,900.0,900.0,900.0
Success Rate of User:ssss
1,2,3,4,5,6,7,8,9,10,11,12
37,52,31,47,24,9,2,5,28,62,102,244
88,97,78,88,54,23,8,19,40,96,137,301
0.420455,0.536082,0.397436,0.534091,0.444444,0.391304,0.25,0.263158,0.7,0.645833,0.744526,0.810631
ID,Name,Email,Age,Mode,Gender,DayToFinish
77777777,ssss,sdada,20,MICT,Male,4
MasterSpeed of User:ssss
600.0,600.0,600.0,600.0,600.0,600.0,600.0,600.0,600.0,600.0,600.0,600.0,600.0,600.0,600.0,600.0,600.0,600.0,600.0,600.0,600.0,600.0,600.0,600.0,600.0
Success Rate of User:ssss
1,2,3
1,75,219
4,126,220
0.25,0.595238,0.995455
ID,Name,Email,Age,Mode,Gender,DayToFinish
8888888,ssss,sdada,20,HIIT,Male,4
MasterSpeed of User:ssss
1200.0,1200.0,1200.0,1200.0,1200.0,1200.0,1200.0,1200.0,1200.0,1200.0,1200.0,1200.0,1200.0,1200.0,1200.0,1200.0,1200.0,1200.0,1200.0,1200.0,1200.0,1200.0,1200.0,1200.0,1200.0
Success Rate of User:ssss
1,2,3
522,865,69
807,1472,135
0.64684,0.587636,0.511111
